passengerId,sex,age,sibsp,parch,fare,embarked,survived,class,survived_Prob_RF
1,male,22.0,1,0,7.25,S,0,Third,0.11
2,female,38.0,1,0,71.2833,C,1,First,1.0
3,female,26.0,0,0,7.925,S,1,Third,0.73
4,female,35.0,1,0,53.1,S,1,First,1.0
5,male,35.0,0,0,8.05,S,0,Third,0.1025
6,male,,0,0,8.4583,Q,0,Third,0.023071428571428573
7,male,54.0,0,0,51.8625,S,0,First,0.045
8,male,2.0,3,1,21.075,S,0,Third,0.23
9,female,27.0,0,2,11.1333,S,1,Third,0.915
10,female,14.0,1,0,30.0708,C,1,Second,0.715
11,female,4.0,1,1,16.7,S,1,Third,0.9
12,female,58.0,0,0,26.55,S,1,First,0.785
13,male,20.0,0,0,8.05,S,0,Third,0.05324999999999999
14,male,39.0,1,5,31.275,S,0,Third,0.015
15,female,14.0,0,0,7.8542,S,0,Third,0.195
16,female,55.0,0,0,16.0,S,1,Second,0.875
17,male,2.0,4,1,29.125,Q,0,Third,0.205
18,male,,0,0,13.0,S,1,Second,0.0
19,female,31.0,1,0,18.0,S,0,Third,0.325
20,female,,0,0,7.225,C,1,Third,0.965
21,male,35.0,0,0,26.0,S,0,Second,0.06725
22,male,34.0,0,0,13.0,S,1,Second,0.30076587301587304
23,female,15.0,0,0,8.0292,Q,1,Third,0.885
24,male,28.0,0,0,35.5,S,1,First,0.1675
25,female,8.0,3,1,21.075,S,0,Third,0.105
26,female,38.0,1,5,31.3875,S,1,Third,0.68
27,male,,0,0,7.225,C,0,Third,0.007749999999999999
28,male,19.0,3,2,263.0,S,0,First,0.24
29,female,,0,0,7.8792,Q,1,Third,0.995
30,male,,0,0,7.8958,S,0,Third,0.0
31,male,40.0,0,0,27.7208,C,0,First,0.165
32,female,,1,0,146.5208,C,1,First,0.99
33,female,,0,0,7.75,Q,1,Third,0.8575879814629818
34,male,66.0,0,0,10.5,S,0,Second,0.0016666666666666666
35,male,28.0,1,0,82.1708,C,0,First,0.2
36,male,42.0,1,0,52.0,S,0,First,0.155
37,male,,0,0,7.2292,C,1,Third,0.18607085969585968
38,male,21.0,0,0,8.05,S,0,Third,0.0
39,female,18.0,2,0,18.0,S,0,Third,0.275
40,female,14.0,1,0,11.2417,C,1,Third,0.47
41,female,40.0,1,0,9.475,S,0,Third,0.17
42,female,27.0,1,0,21.0,S,0,Second,0.145
43,male,,0,0,7.8958,C,0,Third,0.03611813186813186
44,female,3.0,1,2,41.5792,C,1,Second,0.97
45,female,19.0,0,0,7.8792,Q,1,Third,0.945
46,male,,0,0,8.05,S,0,Third,0.0
47,male,,1,0,15.5,Q,0,Third,0.015
48,female,,0,0,7.75,Q,1,Third,0.8575879814629818
49,male,,2,0,21.6792,C,0,Third,0.135
50,female,18.0,1,0,17.8,S,0,Third,0.19
51,male,7.0,4,1,39.6875,S,0,Third,0.035
52,male,21.0,0,0,7.8,S,0,Third,0.205
53,female,49.0,1,0,76.7292,C,1,First,0.99
54,female,29.0,1,0,26.0,S,1,Second,0.985
55,male,65.0,0,1,61.9792,C,0,First,0.05
56,male,,0,0,35.5,S,1,First,0.1675
57,female,21.0,0,0,10.5,S,1,Second,0.815
58,male,28.5,0,0,7.2292,C,0,Third,0.07108748196248196
59,female,5.0,1,2,27.75,S,1,Second,0.88
60,male,11.0,5,2,46.9,S,0,Third,0.005
61,male,22.0,0,0,7.2292,C,0,Third,0.16583440170940167
62,female,38.0,0,0,80.0,,1,First,0.975
63,male,45.0,1,0,83.475,S,0,First,0.515
64,male,4.0,3,2,27.9,S,0,Third,0.11
65,male,,0,0,27.7208,C,0,First,0.23183333333333334
66,male,,1,1,15.2458,C,1,Third,0.745
67,female,29.0,0,0,10.5,S,1,Second,0.925
68,male,19.0,0,0,8.1583,S,0,Third,0.15333333333333335
69,female,17.0,4,2,7.925,S,1,Third,0.745
70,male,26.0,2,0,8.6625,S,0,Third,0.07
71,male,32.0,0,0,10.5,S,0,Second,0.0775
72,female,16.0,5,2,46.9,S,0,Third,0.385
73,male,21.0,0,0,73.5,S,0,Second,0.062
74,male,26.0,1,0,14.4542,C,0,Third,0.105
75,male,32.0,0,0,56.4958,S,1,Third,0.9309166666666667
76,male,25.0,0,0,7.65,S,0,Third,0.04783333333333334
77,male,,0,0,7.8958,S,0,Third,0.0
78,male,,0,0,8.05,S,0,Third,0.0
79,male,0.83,0,2,29.0,S,1,Second,0.96
80,female,30.0,0,0,12.475,S,1,Third,0.995
81,male,22.0,0,0,9.0,S,0,Third,0.0
82,male,29.0,0,0,9.5,S,1,Third,0.615
83,female,,0,0,7.7875,Q,1,Third,0.8492546481296485
84,male,28.0,0,0,47.1,S,0,First,0.0025
85,female,17.0,0,0,10.5,S,1,Second,0.805
86,female,33.0,3,0,15.85,S,1,Third,0.705
87,male,16.0,1,3,34.375,S,0,Third,0.0375
88,male,,0,0,8.05,S,0,Third,0.0
89,female,23.0,3,2,263.0,S,1,First,0.41
90,male,24.0,0,0,8.05,S,0,Third,0.0
91,male,29.0,0,0,8.05,S,0,Third,0.06
92,male,20.0,0,0,7.8542,S,0,Third,0.01
93,male,46.0,1,0,61.175,S,0,First,0.48875
94,male,26.0,1,2,20.575,S,0,Third,0.005
95,male,59.0,0,0,7.25,S,0,Third,0.0
96,male,,0,0,8.05,S,0,Third,0.0
97,male,71.0,0,0,34.6542,C,0,First,0.19
98,male,23.0,0,1,63.3583,C,1,First,0.705
99,female,34.0,0,1,23.0,S,1,Second,0.965
100,male,34.0,1,0,26.0,S,0,Second,0.385
101,female,28.0,0,0,7.8958,S,0,Third,0.14
102,male,,0,0,7.8958,S,0,Third,0.0
103,male,21.0,0,1,77.2875,S,0,First,0.09
104,male,33.0,0,0,8.6542,S,0,Third,0.03325
105,male,37.0,2,0,7.925,S,0,Third,0.06916666666666665
106,male,28.0,0,0,7.8958,S,0,Third,0.0
107,female,21.0,0,0,7.65,S,1,Third,0.895
108,male,,0,0,7.775,S,1,Third,0.4169761904761907
109,male,38.0,0,0,7.8958,S,0,Third,0.0275
110,female,,1,0,24.15,Q,1,Third,0.975
111,male,47.0,0,0,52.0,S,0,First,0.03
112,female,14.5,1,0,14.4542,C,0,Third,0.22375
113,male,22.0,0,0,8.05,S,0,Third,0.0
114,female,20.0,1,0,9.825,S,0,Third,0.135
115,female,17.0,0,0,14.4583,C,0,Third,0.25
116,male,21.0,0,0,7.925,S,0,Third,0.035
117,male,70.5,0,0,7.75,Q,0,Third,0.01
118,male,29.0,1,0,21.0,S,0,Second,0.0
119,male,24.0,0,1,247.5208,C,0,First,0.18
120,female,2.0,4,2,31.275,S,0,Third,0.075
121,male,21.0,2,0,73.5,S,0,Second,0.01
122,male,,0,0,8.05,S,0,Third,0.0
123,male,32.5,1,0,30.0708,C,0,Second,0.11
124,female,32.5,0,0,13.0,S,1,Second,0.99
125,male,54.0,0,1,77.2875,S,0,First,0.045
126,male,12.0,1,0,11.2417,C,1,Third,0.7375
127,male,,0,0,7.75,Q,0,Third,0.28840476190476183
128,male,24.0,0,0,7.1417,S,1,Third,0.695
129,female,,1,1,22.3583,C,1,Third,0.935
130,male,45.0,0,0,6.975,S,0,Third,0.01
131,male,33.0,0,0,7.8958,C,0,Third,0.0
132,male,20.0,0,0,7.05,S,0,Third,0.01
133,female,47.0,1,0,14.5,S,0,Third,0.14
134,female,29.0,1,0,26.0,S,1,Second,0.985
135,male,25.0,0,0,13.0,S,0,Second,0.0
136,male,23.0,0,0,15.0458,C,0,Second,0.11
137,female,19.0,0,2,26.2833,S,1,First,0.925
138,male,37.0,1,0,53.1,S,0,First,0.69875
139,male,16.0,0,0,9.2167,S,0,Third,0.10922619047619048
140,male,24.0,0,0,79.2,C,0,First,0.16
141,female,,0,2,15.2458,C,0,Third,0.325
142,female,22.0,0,0,7.75,S,1,Third,0.92
143,female,24.0,1,0,15.85,S,1,Third,0.335
144,male,19.0,0,0,6.75,Q,0,Third,0.085
145,male,18.0,0,0,11.5,S,0,Second,0.027083333333333334
146,male,19.0,1,1,36.75,S,0,Second,0.03
147,male,27.0,0,0,7.7958,S,1,Third,0.1938095238095238
148,female,9.0,2,2,34.375,S,0,Third,0.175
149,male,36.5,0,2,26.0,S,0,Second,0.05
150,male,42.0,0,0,13.0,S,0,Second,0.43852976190476184
151,male,51.0,0,0,12.525,S,0,Second,0.012333333333333333
152,female,22.0,1,0,66.6,S,1,First,0.985
153,male,55.5,0,0,8.05,S,0,Third,0.02
154,male,40.5,0,2,14.5,S,0,Third,0.065
155,male,,0,0,7.3125,S,0,Third,0.005
156,male,51.0,0,1,61.3792,C,0,First,0.1
157,female,16.0,0,0,7.7333,Q,1,Third,0.983
158,male,30.0,0,0,8.05,S,0,Third,0.12
159,male,,0,0,8.6625,S,0,Third,0.075
160,male,,8,2,69.55,S,0,Third,0.01
161,male,44.0,0,1,16.1,S,0,Third,0.12014285714285712
162,female,40.0,0,0,15.75,S,1,Second,0.97
163,male,26.0,0,0,7.775,S,0,Third,0.2939761904761905
164,male,17.0,0,0,8.6625,S,0,Third,0.010833333333333332
165,male,1.0,4,1,39.6875,S,0,Third,0.21
166,male,9.0,0,2,20.525,S,1,Third,0.42
167,female,,0,1,55.0,S,1,First,0.975
168,female,45.0,1,4,27.9,S,0,Third,0.075
169,male,,0,0,25.925,S,0,First,0.009999999999999998
170,male,28.0,0,0,56.4958,S,0,Third,0.6617420634920635
171,male,61.0,0,0,33.5,S,0,First,0.06
172,male,4.0,4,1,29.125,Q,0,Third,0.05
173,female,1.0,1,1,11.1333,S,1,Third,0.81
174,male,21.0,0,0,7.925,S,0,Third,0.035
175,male,56.0,0,0,30.6958,C,0,First,0.185
176,male,18.0,1,1,7.8542,S,0,Third,0.11
177,male,,3,1,25.4667,S,0,Third,0.015
178,female,50.0,0,0,28.7125,C,0,First,0.36
179,male,30.0,0,0,13.0,S,0,Second,0.015
180,male,36.0,0,0,0.0,S,0,Third,0.0
181,female,,8,2,69.55,S,0,Third,0.11
182,male,,0,0,15.05,C,0,Second,0.14
183,male,9.0,4,2,31.3875,S,0,Third,0.025
184,male,1.0,2,1,39.0,S,1,Second,0.855
185,female,4.0,0,2,22.025,S,1,Third,0.87
186,male,,0,0,50.0,S,0,First,0.0155
187,female,,1,0,15.5,Q,1,Third,0.905
188,male,45.0,0,0,26.55,S,1,First,0.8775
189,male,40.0,1,1,15.5,Q,0,Third,0.045
190,male,36.0,0,0,7.8958,S,0,Third,0.01
191,female,32.0,0,0,13.0,S,1,Second,0.99
192,male,19.0,0,0,13.0,S,0,Second,0.025833333333333333
193,female,19.0,1,0,7.8542,S,1,Third,0.72
194,male,3.0,1,1,26.0,S,1,Second,0.965
195,female,44.0,0,0,27.7208,C,1,First,0.81
196,female,58.0,0,0,146.5208,C,1,First,0.97
197,male,,0,0,7.75,Q,0,Third,0.28840476190476183
198,male,42.0,0,1,8.4042,S,0,Third,0.0375
199,female,,0,0,7.75,Q,1,Third,0.8575879814629818
200,female,24.0,0,0,13.0,S,0,Second,0.92
201,male,28.0,0,0,9.5,S,0,Third,0.04
202,male,,8,2,69.55,S,0,Third,0.01
203,male,34.0,0,0,6.4958,S,0,Third,0.006666666666666666
204,male,45.5,0,0,7.225,C,0,Third,0.005
205,male,18.0,0,0,8.05,S,1,Third,0.69175
206,female,2.0,0,1,10.4625,S,0,Third,0.3
207,male,32.0,1,0,15.85,S,0,Third,0.12
208,male,26.0,0,0,18.7875,C,1,Third,0.625
209,female,16.0,0,0,7.75,Q,1,Third,0.9804999999999999
210,male,40.0,0,0,31.0,C,1,First,0.65
211,male,24.0,0,0,7.05,S,0,Third,0.105
212,female,35.0,0,0,21.0,S,1,Second,0.87
213,male,22.0,0,0,7.25,S,0,Third,0.005
214,male,30.0,0,0,13.0,S,0,Second,0.015
215,male,,1,0,7.75,Q,0,Third,0.07351190476190478
216,female,31.0,1,0,113.275,C,1,First,1.0
217,female,27.0,0,0,7.925,S,1,Third,0.73
218,male,42.0,1,0,27.0,S,0,Second,0.1775
219,female,32.0,0,0,76.2917,C,1,First,1.0
220,male,30.0,0,0,10.5,S,0,Second,0.075
221,male,16.0,0,0,8.05,S,1,Third,0.4907499999999998
222,male,27.0,0,0,13.0,S,0,Second,0.075
223,male,51.0,0,0,8.05,S,0,Third,0.02
224,male,,0,0,7.8958,S,0,Third,0.0
225,male,38.0,1,0,90.0,S,1,First,0.765
226,male,22.0,0,0,9.35,S,0,Third,0.0
227,male,19.0,0,0,10.5,S,1,Second,0.3729761904761905
228,male,20.5,0,0,7.25,S,0,Third,0.015
229,male,18.0,0,0,13.0,S,0,Second,0.0025
230,female,,3,1,25.4667,S,0,Third,0.055
231,female,35.0,1,0,83.475,S,1,First,1.0
232,male,29.0,0,0,7.775,S,0,Third,0.13033333333333333
233,male,59.0,0,0,13.5,S,0,Second,0.0
234,female,5.0,4,2,31.3875,S,1,Third,0.67
235,male,24.0,0,0,10.5,S,0,Second,0.0
236,female,,0,0,7.55,S,0,Third,0.225
237,male,44.0,1,0,26.0,S,0,Second,0.029500000000000002
238,female,8.0,0,2,26.25,S,1,Second,0.9
239,male,19.0,0,0,10.5,S,0,Second,0.3729761904761905
240,male,33.0,0,0,12.275,S,0,Second,0.229218253968254
241,female,,1,0,14.4542,C,0,Third,0.295
242,female,,1,0,15.5,Q,1,Third,0.905
243,male,29.0,0,0,10.5,S,0,Second,0.105
244,male,22.0,0,0,7.125,S,0,Third,0.075
245,male,30.0,0,0,7.225,C,0,Third,0.02333333333333333
246,male,44.0,2,0,90.0,Q,0,First,0.545
247,female,25.0,0,0,7.775,S,0,Third,0.285
248,female,24.0,0,2,14.5,S,1,Second,0.94
249,male,37.0,1,1,52.5542,S,1,First,0.76375
250,male,54.0,1,0,26.0,S,0,Second,0.015
251,male,,0,0,7.25,S,0,Third,0.005
252,female,29.0,1,1,10.4625,S,0,Third,0.16
253,male,62.0,0,0,26.55,S,0,First,0.025
254,male,30.0,1,0,16.1,S,0,Third,0.0
255,female,41.0,0,2,20.2125,S,0,Third,0.365
256,female,29.0,0,2,15.2458,C,1,Third,0.71
257,female,,0,0,79.2,C,1,First,1.0
258,female,30.0,0,0,86.5,S,1,First,1.0
259,female,35.0,0,0,512.3292,C,1,First,1.0
260,female,50.0,0,1,26.0,S,1,Second,0.94
261,male,,0,0,7.75,Q,0,Third,0.28840476190476183
262,male,3.0,4,2,31.3875,S,1,Third,0.7
263,male,52.0,1,1,79.65,S,0,First,0.135
264,male,40.0,0,0,0.0,S,0,First,0.0025
265,female,,0,0,7.75,Q,0,Third,0.8575879814629818
266,male,36.0,0,0,10.5,S,0,Second,0.005
267,male,16.0,4,1,39.6875,S,0,Third,0.0
268,male,25.0,1,0,7.775,S,1,Third,0.6999999999999998
269,female,58.0,0,1,153.4625,S,1,First,0.99
270,female,35.0,0,0,135.6333,S,1,First,1.0
271,male,,0,0,31.0,S,0,First,0.31166666666666665
272,male,25.0,0,0,0.0,S,1,Third,0.0
273,female,41.0,0,1,19.5,S,1,Second,0.865
274,male,37.0,0,1,29.7,C,0,First,0.165
275,female,,0,0,7.75,Q,1,Third,0.8575879814629818
276,female,63.0,1,0,77.9583,S,1,First,0.965
277,female,45.0,0,0,7.75,S,0,Third,0.15
278,male,,0,0,0.0,S,0,Second,0.0
279,male,7.0,4,1,29.125,Q,0,Third,0.005
280,female,35.0,1,1,20.25,S,1,Third,0.85
281,male,65.0,0,0,7.75,Q,0,Third,0.01
282,male,28.0,0,0,7.8542,S,0,Third,0.05416666666666667
283,male,16.0,0,0,9.5,S,0,Third,0.10172619047619046
284,male,19.0,0,0,8.05,S,1,Third,0.3899166666666667
285,male,,0,0,26.0,S,0,First,0.026999999999999996
286,male,33.0,0,0,8.6625,C,0,Third,0.025
287,male,30.0,0,0,9.5,S,1,Third,0.785
288,male,22.0,0,0,7.8958,S,0,Third,0.0
289,male,42.0,0,0,13.0,S,1,Second,0.43852976190476184
290,female,22.0,0,0,7.75,Q,1,Third,0.9627208485958484
291,female,26.0,0,0,78.85,S,1,First,0.97
292,female,19.0,1,0,91.0792,C,1,First,1.0
293,male,36.0,0,0,12.875,C,0,Second,0.12666666666666665
294,female,24.0,0,0,8.85,S,0,Third,0.31
295,male,24.0,0,0,7.8958,S,0,Third,0.0
296,male,,0,0,27.7208,C,0,First,0.23183333333333334
297,male,23.5,0,0,7.2292,C,0,Third,0.1424594017094017
298,female,2.0,1,2,151.55,S,0,First,0.6
299,male,,0,0,30.5,S,1,First,0.8766666666666666
300,female,50.0,0,1,247.5208,C,1,First,0.965
301,female,,0,0,7.75,Q,1,Third,0.8575879814629818
302,male,,2,0,23.25,Q,1,Third,0.66
303,male,19.0,0,0,0.0,S,0,Third,0.0
304,female,,0,0,12.35,Q,1,Second,0.885
305,male,,0,0,8.05,S,0,Third,0.0
306,male,0.92,1,2,151.55,S,1,First,0.97
307,female,,0,0,110.8833,C,1,First,1.0
308,female,17.0,1,0,108.9,C,1,First,0.99
309,male,30.0,1,0,24.0,C,0,Second,0.075
310,female,30.0,0,0,56.9292,C,1,First,1.0
311,female,24.0,0,0,83.1583,C,1,First,1.0
312,female,18.0,2,2,262.375,C,1,First,0.96
313,female,26.0,1,1,26.0,S,0,Second,0.3
314,male,28.0,0,0,7.8958,S,0,Third,0.0
315,male,43.0,1,1,26.25,S,0,Second,0.115
316,female,26.0,0,0,7.8542,S,1,Third,0.81
317,female,24.0,1,0,26.0,S,1,Second,0.92
318,male,54.0,0,0,14.0,S,0,Second,0.01
319,female,31.0,0,2,164.8667,S,1,First,0.935
320,female,40.0,1,1,134.5,C,1,First,1.0
321,male,22.0,0,0,7.25,S,0,Third,0.005
322,male,27.0,0,0,7.8958,S,0,Third,0.035
323,female,30.0,0,0,12.35,Q,1,Second,0.7
324,female,22.0,1,1,29.0,S,1,Second,0.895
325,male,,8,2,69.55,S,0,Third,0.01
326,female,36.0,0,0,135.6333,C,1,First,1.0
327,male,61.0,0,0,6.2375,S,0,Third,0.0
328,female,36.0,0,0,13.0,S,1,Second,0.865
329,female,31.0,1,1,20.525,S,1,Third,0.835
330,female,16.0,0,1,57.9792,C,1,First,0.98
331,female,,2,0,23.25,Q,1,Third,0.96
332,male,45.5,0,0,28.5,S,0,First,0.185
333,male,38.0,0,1,153.4625,S,0,First,0.225
334,male,16.0,2,0,18.0,S,0,Third,0.11083333333333333
335,female,,1,0,133.65,S,1,First,0.98
336,male,,0,0,7.8958,S,0,Third,0.0
337,male,29.0,1,0,66.6,S,0,First,0.36128571428571427
338,female,41.0,0,0,134.5,C,1,First,1.0
339,male,45.0,0,0,8.05,S,1,Third,0.64
340,male,45.0,0,0,35.5,S,0,First,0.075
341,male,2.0,1,1,26.0,S,1,Second,0.93
342,female,24.0,3,2,263.0,S,1,First,0.4
343,male,28.0,0,0,13.0,S,0,Second,0.0
344,male,25.0,0,0,13.0,S,0,Second,0.0
345,male,36.0,0,0,13.0,S,0,Second,0.05575
346,female,24.0,0,0,13.0,S,1,Second,0.92
347,female,40.0,0,0,13.0,S,1,Second,0.835
348,female,,1,0,16.1,S,1,Third,0.695
349,male,3.0,1,1,15.9,S,1,Third,0.9775
350,male,42.0,0,0,8.6625,S,0,Third,0.14789285714285713
351,male,23.0,0,0,9.225,S,0,Third,0.0
352,male,,0,0,35.0,S,0,First,0.1725
353,male,15.0,1,1,7.2292,C,0,Third,0.26416666666666666
354,male,25.0,1,0,17.8,S,0,Third,0.1
355,male,,0,0,7.225,C,0,Third,0.007749999999999999
356,male,28.0,0,0,9.5,S,0,Third,0.04
357,female,22.0,0,1,55.0,S,1,First,1.0
358,female,38.0,0,0,13.0,S,0,Second,0.29
359,female,,0,0,7.8792,Q,1,Third,0.995
360,female,,0,0,7.8792,Q,1,Third,0.995
361,male,40.0,1,4,27.9,S,0,Third,0.01
362,male,29.0,1,0,27.7208,C,0,Second,0.051
363,female,45.0,0,1,14.4542,C,0,Third,0.195
364,male,35.0,0,0,7.05,S,0,Third,0.0
365,male,,1,0,15.5,Q,0,Third,0.015
366,male,30.0,0,0,7.25,S,0,Third,0.02
367,female,60.0,1,0,75.25,C,1,First,0.995
368,female,,0,0,7.2292,C,1,Third,0.965
369,female,,0,0,7.75,Q,1,Third,0.8575879814629818
370,female,24.0,0,0,69.3,C,1,First,0.99
371,male,25.0,1,0,55.4417,C,1,First,0.81
372,male,18.0,1,0,6.4958,S,0,Third,0.04
373,male,19.0,0,0,8.05,S,0,Third,0.3899166666666667
374,male,22.0,0,0,135.6333,C,0,First,0.115
375,female,3.0,3,1,21.075,S,0,Third,0.13
376,female,,1,0,82.1708,C,1,First,0.995
377,female,22.0,0,0,7.25,S,1,Third,0.98
378,male,27.0,0,2,211.5,C,0,First,0.175
379,male,20.0,0,0,4.0125,C,0,Third,0.14
380,male,19.0,0,0,7.775,S,0,Third,0.02716666666666667
381,female,42.0,0,0,227.525,C,1,First,1.0
382,female,1.0,0,2,15.7417,C,1,Third,0.88
383,male,32.0,0,0,7.925,S,0,Third,0.3482222222222223
384,female,35.0,1,0,52.0,S,1,First,1.0
385,male,,0,0,7.8958,S,0,Third,0.0
386,male,18.0,0,0,73.5,S,0,Second,0.056999999999999995
387,male,1.0,5,2,46.9,S,0,Third,0.445
388,female,36.0,0,0,13.0,S,1,Second,0.865
389,male,,0,0,7.7292,Q,0,Third,0.0025
390,female,17.0,0,0,12.0,C,1,Second,0.605
391,male,36.0,1,2,120.0,S,1,First,0.765
392,male,21.0,0,0,7.7958,S,1,Third,0.67
393,male,28.0,2,0,7.925,S,0,Third,0.08
394,female,23.0,1,0,113.275,C,1,First,1.0
395,female,24.0,0,2,16.7,S,1,Third,0.945
396,male,22.0,0,0,7.7958,S,0,Third,0.135
397,female,31.0,0,0,7.8542,S,0,Third,0.16
398,male,46.0,0,0,26.0,S,0,Second,0.047
399,male,23.0,0,0,10.5,S,0,Second,0.0
400,female,28.0,0,0,12.65,S,1,Second,0.985
401,male,39.0,0,0,7.925,S,1,Third,0.4734761904761905
402,male,26.0,0,0,8.05,S,0,Third,0.055
403,female,21.0,1,0,9.825,S,0,Third,0.07
404,male,28.0,1,0,15.85,S,0,Third,0.01
405,female,20.0,0,0,8.6625,S,0,Third,0.15
406,male,34.0,1,0,21.0,S,0,Second,0.015
407,male,51.0,0,0,7.75,S,0,Third,0.005
408,male,3.0,1,1,18.75,S,1,Second,0.97
409,male,21.0,0,0,7.775,S,0,Third,0.19349999999999998
410,female,,3,1,25.4667,S,0,Third,0.055
411,male,,0,0,7.8958,S,0,Third,0.0
412,male,,0,0,6.8583,Q,0,Third,0.0025
413,female,33.0,1,0,90.0,Q,1,First,0.97
414,male,,0,0,0.0,S,0,Second,0.0
415,male,44.0,0,0,7.925,S,1,Third,0.7255595238095239
416,female,,0,0,8.05,S,0,Third,0.055
417,female,34.0,1,1,32.5,S,1,Second,0.985
418,female,18.0,0,2,13.0,S,1,Second,0.915
419,male,30.0,0,0,13.0,S,0,Second,0.015
420,female,10.0,0,2,24.15,S,0,Third,0.295
421,male,,0,0,7.8958,C,0,Third,0.03611813186813186
422,male,21.0,0,0,7.7333,Q,0,Third,0.025
423,male,29.0,0,0,7.875,S,0,Third,0.045
424,female,28.0,1,1,14.4,S,0,Third,0.195
425,male,18.0,1,1,20.2125,S,0,Third,0.025
426,male,,0,0,7.25,S,0,Third,0.005
427,female,28.0,1,0,26.0,S,1,Second,0.935
428,female,19.0,0,0,26.0,S,1,Second,0.955
429,male,,0,0,7.75,Q,0,Third,0.28840476190476183
430,male,32.0,0,0,8.05,S,1,Third,0.7534166666666667
431,male,28.0,0,0,26.55,S,1,First,0.6526210317460318
432,female,,1,0,16.1,S,1,Third,0.695
433,female,42.0,1,0,26.0,S,1,Second,0.775
434,male,17.0,0,0,7.125,S,0,Third,0.062
435,male,50.0,1,0,55.9,S,0,First,0.29875
436,female,14.0,1,2,120.0,S,1,First,0.715
437,female,21.0,2,2,34.375,S,0,Third,0.215
438,female,24.0,2,3,18.75,S,1,Second,0.825
439,male,64.0,1,4,263.0,S,0,First,0.14
440,male,31.0,0,0,10.5,S,0,Second,0.15
441,female,45.0,1,1,26.25,S,1,Second,0.85
442,male,20.0,0,0,9.5,S,0,Third,0.0
443,male,25.0,1,0,7.775,S,0,Third,0.6999999999999998
444,female,28.0,0,0,13.0,S,1,Second,0.985
445,male,,0,0,8.1125,S,1,Third,0.0
446,male,4.0,0,2,81.8583,S,1,First,0.855
447,female,13.0,0,1,19.5,S,1,Second,0.915
448,male,34.0,0,0,26.55,S,1,First,0.8094047619047617
449,female,5.0,2,1,19.2583,C,1,Third,0.95
450,male,52.0,0,0,30.5,S,1,First,0.77
451,male,36.0,1,2,27.75,S,0,Second,0.065
452,male,,1,0,19.9667,S,0,Third,0.005
453,male,30.0,0,0,27.75,C,0,First,0.20600000000000002
454,male,49.0,1,0,89.1042,C,1,First,0.815
455,male,,0,0,8.05,S,0,Third,0.0
456,male,29.0,0,0,7.8958,C,1,Third,0.05738095238095238
457,male,65.0,0,0,26.55,S,0,First,0.025
458,female,,1,0,51.8625,S,1,First,0.99
459,female,50.0,0,0,10.5,S,1,Second,0.77
460,male,,0,0,7.75,Q,0,Third,0.28840476190476183
461,male,48.0,0,0,26.55,S,1,First,0.88
462,male,34.0,0,0,8.05,S,0,Third,0.1416666666666667
463,male,47.0,0,0,38.5,S,0,First,0.03
464,male,48.0,0,0,13.0,S,0,Second,0.05658333333333333
465,male,,0,0,8.05,S,0,Third,0.0
466,male,38.0,0,0,7.05,S,0,Third,0.0025
467,male,,0,0,0.0,S,0,Second,0.0
468,male,56.0,0,0,26.55,S,0,First,0.07
469,male,,0,0,7.725,Q,0,Third,0.0025
470,female,0.75,2,1,19.2583,C,1,Third,0.965
471,male,,0,0,7.25,S,0,Third,0.005
472,male,38.0,0,0,8.6625,S,0,Third,0.024166666666666666
473,female,33.0,1,2,27.75,S,1,Second,0.8
474,female,23.0,0,0,13.7917,C,1,Second,0.715
475,female,22.0,0,0,9.8375,S,0,Third,0.245
476,male,,0,0,52.0,S,0,First,0.04799999999999999
477,male,34.0,1,0,21.0,S,0,Second,0.015
478,male,29.0,1,0,7.0458,S,0,Third,0.03
479,male,22.0,0,0,7.5208,S,0,Third,0.0
480,female,2.0,0,1,12.2875,S,1,Third,0.83
481,male,9.0,5,2,46.9,S,0,Third,0.005
482,male,,0,0,0.0,S,0,Second,0.0
483,male,50.0,0,0,8.05,S,0,Third,0.04
484,female,63.0,0,0,9.5875,S,1,Third,0.735
485,male,25.0,1,0,91.0792,C,1,First,0.425
486,female,,3,1,25.4667,S,0,Third,0.055
487,female,35.0,1,0,90.0,S,1,First,1.0
488,male,58.0,0,0,29.7,C,0,First,0.13
489,male,30.0,0,0,8.05,S,0,Third,0.12
490,male,9.0,1,1,15.9,S,1,Third,0.44
491,male,,1,0,19.9667,S,0,Third,0.005
492,male,21.0,0,0,7.25,S,0,Third,0.025
493,male,55.0,0,0,30.5,S,0,First,0.41
494,male,71.0,0,0,49.5042,C,0,First,0.09
495,male,21.0,0,0,8.05,S,0,Third,0.0
496,male,,0,0,14.4583,C,0,Third,0.145
497,female,54.0,1,0,78.2667,C,1,First,1.0
498,male,,0,0,15.1,S,0,Third,0.0
499,female,25.0,1,2,151.55,S,0,First,0.325
500,male,24.0,0,0,7.7958,S,0,Third,0.08458333333333334
501,male,17.0,0,0,8.6625,S,0,Third,0.010833333333333332
502,female,21.0,0,0,7.75,Q,0,Third,0.9659583333333334
503,female,,0,0,7.6292,Q,0,Third,0.9419309856809857
504,female,37.0,0,0,9.5875,S,0,Third,0.215
505,female,16.0,0,0,86.5,S,1,First,0.98
506,male,18.0,1,0,108.9,C,0,First,0.17
507,female,33.0,0,2,26.0,S,1,Second,0.905
508,male,,0,0,26.55,S,1,First,0.6526210317460318
509,male,28.0,0,0,22.525,S,0,Third,0.01
510,male,26.0,0,0,56.4958,S,1,Third,0.8908333333333333
511,male,29.0,0,0,7.75,Q,1,Third,0.7328214285714284
512,male,,0,0,8.05,S,0,Third,0.0
513,male,36.0,0,0,26.2875,S,1,First,0.9654166666666666
514,female,54.0,1,0,59.4,C,1,First,1.0
515,male,24.0,0,0,7.4958,S,0,Third,0.06
516,male,47.0,0,0,34.0208,S,0,First,0.05
517,female,34.0,0,0,10.5,S,1,Second,0.955
518,male,,0,0,24.15,Q,0,Third,0.07142857142857144
519,female,36.0,1,0,26.0,S,1,Second,0.97
520,male,32.0,0,0,7.8958,S,0,Third,0.07313888888888888
521,female,30.0,0,0,93.5,S,1,First,1.0
522,male,22.0,0,0,7.8958,S,0,Third,0.0
523,male,,0,0,7.225,C,0,Third,0.007749999999999999
524,female,44.0,0,1,57.9792,C,1,First,0.98
525,male,,0,0,7.2292,C,0,Third,0.18607085969585968
526,male,40.5,0,0,7.75,Q,0,Third,0.08773809523809525
527,female,50.0,0,0,10.5,S,1,Second,0.77
528,male,,0,0,221.7792,S,0,First,0.1501111111111111
529,male,39.0,0,0,7.925,S,0,Third,0.4734761904761905
530,male,23.0,2,1,11.5,S,0,Second,0.035
531,female,2.0,1,1,26.0,S,1,Second,0.815
532,male,,0,0,7.2292,C,0,Third,0.18607085969585968
533,male,17.0,1,1,7.2292,C,0,Third,0.2764285714285714
534,female,,0,2,22.3583,C,1,Third,0.89
535,female,30.0,0,0,8.6625,S,0,Third,0.175
536,female,7.0,0,2,26.25,S,1,Second,0.955
537,male,45.0,0,0,26.55,S,0,First,0.8775
538,female,30.0,0,0,106.425,C,1,First,1.0
539,male,,0,0,14.5,S,0,Third,0.0
540,female,22.0,0,2,49.5,C,1,First,0.98
541,female,36.0,0,2,71.0,S,1,First,0.98
542,female,9.0,4,2,31.275,S,0,Third,0.055
543,female,11.0,4,2,31.275,S,0,Third,0.06
544,male,32.0,1,0,26.0,S,1,Second,0.705
545,male,50.0,1,0,106.425,C,0,First,0.29
546,male,64.0,0,0,26.0,S,0,First,0.0
547,female,19.0,1,0,26.0,S,1,Second,0.925
548,male,,0,0,13.8625,C,1,Second,0.6
549,male,33.0,1,1,20.525,S,0,Third,0.015
550,male,8.0,1,1,36.75,S,1,Second,0.2675
551,male,17.0,0,2,110.8833,C,1,First,0.75
552,male,27.0,0,0,26.0,S,0,Second,0.05
553,male,,0,0,7.8292,Q,0,Third,0.0874047619047619
554,male,22.0,0,0,7.225,C,1,Third,0.085
555,female,22.0,0,0,7.775,S,1,Third,0.77
556,male,62.0,0,0,26.55,S,0,First,0.025
557,female,48.0,1,0,39.6,C,1,First,0.91
558,male,,0,0,227.525,C,0,First,0.08083333333333333
559,female,39.0,1,1,79.65,S,1,First,0.995
560,female,36.0,1,0,17.4,S,1,Third,0.495
561,male,,0,0,7.75,Q,0,Third,0.28840476190476183
562,male,40.0,0,0,7.8958,S,0,Third,0.04083333333333333
563,male,28.0,0,0,13.5,S,0,Second,0.0
564,male,,0,0,8.05,S,0,Third,0.0
565,female,,0,0,8.05,S,0,Third,0.055
566,male,24.0,2,0,24.15,S,0,Third,0.12
567,male,19.0,0,0,7.8958,S,0,Third,0.02
568,female,29.0,0,4,21.075,S,0,Third,0.185
569,male,,0,0,7.2292,C,0,Third,0.18607085969585968
570,male,32.0,0,0,7.8542,S,1,Third,0.7034999999999999
571,male,62.0,0,0,10.5,S,1,Second,0.0016666666666666666
572,female,53.0,2,0,51.4792,S,1,First,0.835
573,male,36.0,0,0,26.3875,S,1,First,0.9804166666666666
574,female,,0,0,7.75,Q,1,Third,0.8575879814629818
575,male,16.0,0,0,8.05,S,0,Third,0.4907499999999998
576,male,19.0,0,0,14.5,S,0,Third,0.016666666666666666
577,female,34.0,0,0,13.0,S,1,Second,0.995
578,female,39.0,1,0,55.9,S,1,First,0.99
579,female,,1,0,14.4583,C,0,Third,0.27
580,male,32.0,0,0,7.925,S,1,Third,0.3482222222222223
581,female,25.0,1,1,30.0,S,1,Second,0.78
582,female,39.0,1,1,110.8833,C,1,First,1.0
583,male,54.0,0,0,26.0,S,0,Second,0.01
584,male,36.0,0,0,40.125,C,0,First,0.17
585,male,,0,0,8.7125,C,0,Third,0.061089285714285714
586,female,18.0,0,2,79.65,S,1,First,0.95
587,male,47.0,0,0,15.0,S,0,Second,0.006999999999999999
588,male,60.0,1,1,79.2,C,1,First,0.29
589,male,22.0,0,0,8.05,S,0,Third,0.0
590,male,,0,0,8.05,S,0,Third,0.0
591,male,35.0,0,0,7.125,S,0,Third,0.005
592,female,52.0,1,0,78.2667,C,1,First,0.995
593,male,47.0,0,0,7.25,S,0,Third,0.0
594,female,,0,2,7.75,Q,0,Third,0.6249865412365412
595,male,37.0,1,0,26.0,S,0,Second,0.105
596,male,36.0,1,1,24.15,S,0,Third,0.015
597,female,,0,0,33.0,S,1,Second,0.955
598,male,49.0,0,0,0.0,S,0,Third,0.0
599,male,,0,0,7.225,C,0,Third,0.007749999999999999
600,male,49.0,1,0,56.9292,C,1,First,0.93
601,female,24.0,2,1,27.0,S,1,Second,0.86
602,male,,0,0,7.8958,S,0,Third,0.0
603,male,,0,0,42.4,S,0,First,0.005
604,male,44.0,0,0,8.05,S,0,Third,0.12666666666666665
605,male,35.0,0,0,26.55,C,1,First,0.75
606,male,36.0,1,0,15.55,S,0,Third,0.0
607,male,30.0,0,0,7.8958,S,0,Third,0.03125
608,male,27.0,0,0,30.5,S,1,First,0.83
609,female,22.0,1,2,41.5792,C,1,Second,0.96
610,female,40.0,0,0,153.4625,S,1,First,0.995
611,female,39.0,1,5,31.275,S,0,Third,0.215
612,male,,0,0,7.05,S,0,Third,0.0
613,female,,1,0,15.5,Q,1,Third,0.905
614,male,,0,0,7.75,Q,0,Third,0.28840476190476183
615,male,35.0,0,0,8.05,S,0,Third,0.1025
616,female,24.0,1,2,65.0,S,1,Second,0.875
617,male,34.0,1,1,14.4,S,0,Third,0.04314285714285714
618,female,26.0,1,0,16.1,S,0,Third,0.125
619,female,4.0,2,1,39.0,S,1,Second,0.905
620,male,26.0,0,0,10.5,S,0,Second,0.045
621,male,27.0,1,0,14.4542,C,0,Third,0.07
622,male,42.0,1,0,52.5542,S,1,First,0.76375
623,male,20.0,1,1,15.7417,C,1,Third,0.81
624,male,21.0,0,0,7.8542,S,0,Third,0.025
625,male,21.0,0,0,16.1,S,0,Third,0.005
626,male,61.0,0,0,32.3208,S,0,First,0.09
627,male,57.0,0,0,12.35,Q,0,Second,0.003333333333333333
628,female,21.0,0,0,77.9583,S,1,First,0.985
629,male,26.0,0,0,7.8958,S,0,Third,0.005
630,male,,0,0,7.7333,Q,0,Third,0.0025
631,male,80.0,0,0,30.0,S,1,First,0.66
632,male,51.0,0,0,7.0542,S,0,Third,0.0
633,male,32.0,0,0,30.5,C,1,First,0.73375
634,male,,0,0,0.0,S,0,First,0.0
635,female,9.0,3,2,27.9,S,0,Third,0.08
636,female,28.0,0,0,13.0,S,1,Second,0.985
637,male,32.0,0,0,7.925,S,0,Third,0.3482222222222223
638,male,31.0,1,1,26.25,S,0,Second,0.20708333333333337
639,female,41.0,0,5,39.6875,S,0,Third,0.125
640,male,,1,0,16.1,S,0,Third,0.01
641,male,20.0,0,0,7.8542,S,0,Third,0.01
642,female,24.0,0,0,69.3,C,1,First,0.99
643,female,2.0,3,2,27.9,S,0,Third,0.06
644,male,,0,0,56.4958,S,1,Third,0.6617420634920635
645,female,0.75,2,1,19.2583,C,1,Third,0.965
646,male,48.0,1,0,76.7292,C,1,First,0.875
647,male,19.0,0,0,7.8958,S,0,Third,0.02
648,male,56.0,0,0,35.5,C,1,First,0.64
649,male,,0,0,7.55,S,0,Third,0.06483333333333335
650,female,23.0,0,0,7.55,S,1,Third,0.885
651,male,,0,0,7.8958,S,0,Third,0.0
652,female,18.0,0,1,23.0,S,1,Second,0.965
653,male,21.0,0,0,8.4333,S,0,Third,0.005
654,female,,0,0,7.8292,Q,1,Third,0.995
655,female,18.0,0,0,6.75,Q,0,Third,0.278
656,male,24.0,2,0,73.5,S,0,Second,0.05
657,male,,0,0,7.8958,S,0,Third,0.0
658,female,32.0,1,1,15.5,Q,0,Third,0.255
659,male,23.0,0,0,13.0,S,0,Second,0.0
660,male,58.0,0,2,113.275,C,0,First,0.315
661,male,50.0,2,0,133.65,S,1,First,0.685
662,male,40.0,0,0,7.225,C,0,Third,0.005
663,male,47.0,0,0,25.5875,S,0,First,0.022000000000000002
664,male,36.0,0,0,7.4958,S,0,Third,0.005
665,male,20.0,1,0,7.925,S,1,Third,0.665
666,male,32.0,2,0,73.5,S,0,Second,0.115
667,male,25.0,0,0,13.0,S,0,Second,0.0
668,male,,0,0,7.775,S,0,Third,0.4169761904761907
669,male,43.0,0,0,8.05,S,0,Third,0.11116666666666668
670,female,,1,0,52.0,S,1,First,0.995
671,female,40.0,1,1,39.0,S,1,Second,0.94
672,male,31.0,1,0,52.0,S,0,First,0.325
673,male,70.0,0,0,10.5,S,0,Second,0.0016666666666666666
674,male,31.0,0,0,13.0,S,1,Second,0.6021428571428572
675,male,,0,0,0.0,S,0,Second,0.0
676,male,18.0,0,0,7.775,S,0,Third,0.04716666666666667
677,male,24.5,0,0,8.05,S,0,Third,0.0
678,female,18.0,0,0,9.8417,S,1,Third,0.75
679,female,43.0,1,6,46.9,S,0,Third,0.165
680,male,36.0,0,1,512.3292,C,1,First,0.32
681,female,,0,0,8.1375,Q,0,Third,0.38
682,male,27.0,0,0,76.7292,C,1,First,0.675
683,male,20.0,0,0,9.225,S,0,Third,0.0
684,male,14.0,5,2,46.9,S,0,Third,0.0
685,male,60.0,1,1,39.0,S,0,Second,0.02
686,male,25.0,1,2,41.5792,C,0,Second,0.45
687,male,14.0,4,1,39.6875,S,0,Third,0.0
688,male,19.0,0,0,10.1708,S,0,Third,0.15291666666666662
689,male,18.0,0,0,7.7958,S,0,Third,0.145
690,female,15.0,0,1,211.3375,S,1,First,0.99
691,male,31.0,1,0,57.0,S,1,First,0.7175
692,female,4.0,0,1,13.4167,C,1,Third,0.875
693,male,,0,0,56.4958,S,1,Third,0.6617420634920635
694,male,25.0,0,0,7.225,C,0,Third,0.015
695,male,60.0,0,0,26.55,S,0,First,0.025
696,male,52.0,0,0,13.5,S,0,Second,0.005
697,male,44.0,0,0,8.05,S,0,Third,0.12666666666666665
698,female,,0,0,7.7333,Q,1,Third,0.9819309856809856
699,male,49.0,1,1,110.8833,C,0,First,0.465
700,male,42.0,0,0,7.65,S,0,Third,0.0025
701,female,18.0,1,0,227.525,C,1,First,1.0
702,male,35.0,0,0,26.2875,S,1,First,0.9270833333333331
703,female,18.0,0,1,14.4542,C,0,Third,0.19
704,male,25.0,0,0,7.7417,Q,0,Third,0.08136904761904763
705,male,26.0,1,0,7.8542,S,0,Third,0.165
706,male,39.0,0,0,26.0,S,0,Second,0.025
707,female,45.0,0,0,13.5,S,1,Second,0.915
708,male,42.0,0,0,26.2875,S,1,First,0.9641666666666667
709,female,22.0,0,0,151.55,S,1,First,0.97
710,male,,1,1,15.2458,C,1,Third,0.745
711,female,24.0,0,0,49.5042,C,1,First,0.99
712,male,,0,0,26.55,S,0,First,0.6526210317460318
713,male,48.0,1,0,52.0,S,1,First,0.13
714,male,29.0,0,0,9.4833,S,0,Third,0.195
715,male,52.0,0,0,13.0,S,0,Second,0.04291666666666666
716,male,19.0,0,0,7.65,S,0,Third,0.005
717,female,38.0,0,0,227.525,C,1,First,1.0
718,female,27.0,0,0,10.5,S,1,Second,0.905
719,male,,0,0,15.5,Q,0,Third,0.012678571428571428
720,male,33.0,0,0,7.775,S,0,Third,0.035
721,female,6.0,0,1,33.0,S,1,Second,0.955
722,male,17.0,1,0,7.0542,S,0,Third,0.035
723,male,34.0,0,0,13.0,S,0,Second,0.30076587301587304
724,male,50.0,0,0,13.0,S,0,Second,0.03991666666666666
725,male,27.0,1,0,53.1,S,1,First,0.7423333333333333
726,male,20.0,0,0,8.6625,S,0,Third,0.015
727,female,30.0,3,0,21.0,S,1,Second,0.295
728,female,,0,0,7.7375,Q,1,Third,0.9819309856809856
729,male,25.0,1,0,26.0,S,0,Second,0.315
730,female,25.0,1,0,7.925,S,0,Third,0.16
731,female,29.0,0,0,211.3375,S,1,First,0.995
732,male,11.0,0,0,18.7875,C,0,Third,0.7075
733,male,,0,0,0.0,S,0,Second,0.0
734,male,23.0,0,0,13.0,S,0,Second,0.0
735,male,23.0,0,0,13.0,S,0,Second,0.0
736,male,28.5,0,0,16.1,S,0,Third,0.0
737,female,48.0,1,3,34.375,S,0,Third,0.295
738,male,35.0,0,0,512.3292,C,1,First,0.685
739,male,,0,0,7.8958,S,0,Third,0.0
740,male,,0,0,7.8958,S,0,Third,0.0
741,male,,0,0,30.0,S,1,First,0.8349999999999999
742,male,36.0,1,0,78.85,S,0,First,0.255
743,female,21.0,2,2,262.375,C,1,First,0.955
744,male,24.0,1,0,16.1,S,0,Third,0.095
745,male,31.0,0,0,7.925,S,1,Third,0.677
746,male,70.0,1,1,71.0,S,0,First,0.095
747,male,16.0,1,1,20.25,S,0,Third,0.035
748,female,30.0,0,0,13.0,S,1,Second,0.995
749,male,19.0,1,0,53.1,S,0,First,0.17
750,male,31.0,0,0,7.75,Q,0,Third,0.2539047619047619
751,female,4.0,1,1,23.0,S,1,Second,0.925
752,male,6.0,0,1,12.475,S,1,Third,0.7825
753,male,33.0,0,0,9.5,S,0,Third,0.29774999999999996
754,male,23.0,0,0,7.8958,S,0,Third,0.0
755,female,48.0,1,2,65.0,S,1,Second,0.925
756,male,0.67,1,1,14.5,S,1,Second,0.9675
757,male,28.0,0,0,7.7958,S,0,Third,0.2679761904761904
758,male,18.0,0,0,11.5,S,0,Second,0.027083333333333334
759,male,34.0,0,0,8.05,S,0,Third,0.1416666666666667
760,female,33.0,0,0,86.5,S,1,First,1.0
761,male,,0,0,14.5,S,0,Third,0.0
762,male,41.0,0,0,7.125,S,0,Third,0.005
763,male,20.0,0,0,7.2292,C,1,Third,0.6037213064713065
764,female,36.0,1,2,120.0,S,1,First,0.9
765,male,16.0,0,0,7.775,S,0,Third,0.255
766,female,51.0,1,0,77.9583,S,1,First,0.97
767,male,,0,0,39.6,C,0,First,0.08
768,female,30.5,0,0,7.75,Q,0,Third,0.3543357475857475
769,male,,1,0,24.15,Q,0,Third,0.13
770,male,32.0,0,0,8.3625,S,0,Third,0.19675
771,male,24.0,0,0,9.5,S,0,Third,0.015
772,male,48.0,0,0,7.8542,S,0,Third,0.1
773,female,57.0,0,0,10.5,S,0,Second,0.35
774,male,,0,0,7.225,C,0,Third,0.007749999999999999
775,female,54.0,1,3,23.0,S,1,Second,0.77
776,male,18.0,0,0,7.75,S,0,Third,0.0375
777,male,,0,0,7.75,Q,0,Third,0.28840476190476183
778,female,5.0,0,0,12.475,S,1,Third,0.88
779,male,,0,0,7.7375,Q,0,Third,0.00975
780,female,43.0,0,1,211.3375,S,1,First,0.995
781,female,13.0,0,0,7.2292,C,1,Third,0.875
782,female,17.0,1,0,57.0,S,1,First,0.97
783,male,29.0,0,0,30.0,S,0,First,0.315
784,male,,1,2,23.45,S,0,Third,0.01
785,male,25.0,0,0,7.05,S,0,Third,0.0
786,male,25.0,0,0,7.25,S,0,Third,0.025
787,female,18.0,0,0,7.4958,S,1,Third,0.855
788,male,8.0,4,1,29.125,Q,0,Third,0.005
789,male,1.0,1,2,20.575,S,1,Third,0.955
790,male,46.0,0,0,79.2,C,0,First,0.2475
791,male,,0,0,7.75,Q,0,Third,0.28840476190476183
792,male,16.0,0,0,26.0,S,0,Second,0.04750000000000001
793,female,,8,2,69.55,S,0,Third,0.11
794,male,,0,0,30.6958,C,0,First,0.27
795,male,25.0,0,0,7.8958,S,0,Third,0.015
796,male,39.0,0,0,13.0,S,0,Second,0.030749999999999996
797,female,49.0,0,0,25.9292,S,1,First,0.96
798,female,31.0,0,0,8.6833,S,1,Third,0.64
799,male,30.0,0,0,7.2292,C,0,Third,0.0383531746031746
800,female,30.0,1,1,24.15,S,0,Third,0.735
801,male,34.0,0,0,13.0,S,0,Second,0.30076587301587304
802,female,31.0,1,1,26.25,S,1,Second,0.965
803,male,11.0,1,2,120.0,S,1,First,0.615
804,male,0.42,0,1,8.5167,C,1,Third,0.8696428571428573
805,male,27.0,0,0,6.975,S,1,Third,0.02
806,male,31.0,0,0,7.775,S,0,Third,0.12833333333333333
807,male,39.0,0,0,0.0,S,0,First,0.014166666666666666
808,female,18.0,0,0,7.775,S,0,Third,0.305
809,male,39.0,0,0,13.0,S,0,Second,0.030749999999999996
810,female,33.0,1,0,53.1,S,1,First,1.0
811,male,26.0,0,0,7.8875,S,0,Third,0.005
812,male,39.0,0,0,24.15,S,0,Third,0.005
813,male,35.0,0,0,10.5,S,0,Second,0.02541666666666667
814,female,6.0,4,2,31.275,S,0,Third,0.13
815,male,30.5,0,0,8.05,S,0,Third,0.145
816,male,,0,0,0.0,S,0,First,0.0
817,female,23.0,0,0,7.925,S,0,Third,0.275
818,male,31.0,1,1,37.0042,C,0,Second,0.355
819,male,43.0,0,0,6.45,S,0,Third,0.0
820,male,10.0,3,2,27.9,S,0,Third,0.005
821,female,52.0,1,1,93.5,S,1,First,1.0
822,male,27.0,0,0,8.6625,S,1,Third,0.595
823,male,38.0,0,0,0.0,S,0,First,0.0025
824,female,27.0,0,1,12.475,S,1,Third,0.855
825,male,2.0,4,1,39.6875,S,0,Third,0.2
826,male,,0,0,6.95,Q,0,Third,0.0025
827,male,,0,0,56.4958,S,0,Third,0.6617420634920635
828,male,1.0,0,2,37.0042,C,1,Second,0.935
829,male,,0,0,7.75,Q,1,Third,0.28840476190476183
830,female,62.0,0,0,80.0,,1,First,0.98
831,female,15.0,1,0,14.4542,C,1,Third,0.71375
832,male,0.83,1,1,18.75,S,1,Second,0.98
833,male,,0,0,7.2292,C,0,Third,0.18607085969585968
834,male,23.0,0,0,7.8542,S,0,Third,0.0
835,male,18.0,0,0,8.3,S,0,Third,0.13624999999999998
836,female,39.0,1,1,83.1583,C,1,First,1.0
837,male,21.0,0,0,8.6625,S,0,Third,0.015
838,male,,0,0,8.05,S,0,Third,0.0
839,male,32.0,0,0,56.4958,S,1,Third,0.9309166666666667
840,male,,0,0,29.7,C,1,First,0.735
841,male,20.0,0,0,7.925,S,0,Third,0.061
842,male,16.0,0,0,10.5,S,0,Second,0.20597619047619048
843,female,30.0,0,0,31.0,C,1,First,0.93
844,male,34.5,0,0,6.4375,C,0,Third,0.005
845,male,17.0,0,0,8.6625,S,0,Third,0.010833333333333332
846,male,42.0,0,0,7.55,S,0,Third,0.0025
847,male,,8,2,69.55,S,0,Third,0.01
848,male,35.0,0,0,7.8958,C,0,Third,0.01
849,male,28.0,0,1,33.0,S,0,Second,0.045
850,female,,1,0,89.1042,C,1,First,0.995
851,male,4.0,4,2,31.275,S,0,Third,0.14
852,male,74.0,0,0,7.775,S,0,Third,0.005
853,female,9.0,1,1,15.2458,C,0,Third,0.19
854,female,16.0,0,1,39.4,S,1,First,0.945
855,female,44.0,1,0,26.0,S,0,Second,0.35
856,female,18.0,0,1,9.35,S,1,Third,0.83
857,female,45.0,1,1,164.8667,S,1,First,0.965
858,male,51.0,0,0,26.55,S,1,First,0.835
859,female,24.0,0,3,19.2583,C,1,Third,0.955
860,male,,0,0,7.2292,C,0,Third,0.18607085969585968
861,male,41.0,2,0,14.1083,S,0,Third,0.063375
862,male,21.0,1,0,11.5,S,0,Second,0.105
863,female,48.0,0,0,25.9292,S,1,First,0.94
864,female,,8,2,69.55,S,0,Third,0.11
865,male,24.0,0,0,13.0,S,0,Second,0.0
866,female,42.0,0,0,13.0,S,1,Second,0.925
867,female,27.0,1,0,13.8583,C,1,Second,0.755
868,male,31.0,0,0,50.4958,S,0,First,0.09
869,male,,0,0,9.5,S,0,Third,0.04
870,male,4.0,1,1,11.1333,S,1,Third,0.725
871,male,26.0,0,0,7.8958,S,0,Third,0.005
872,female,47.0,1,1,52.5542,S,1,First,0.985
873,male,33.0,0,0,5.0,S,0,First,0.0
874,male,47.0,0,0,9.0,S,0,Third,0.04
875,female,28.0,1,0,24.0,C,1,Second,0.89
876,female,15.0,0,0,7.225,C,1,Third,0.93375
877,male,20.0,0,0,9.8458,S,0,Third,0.0025
878,male,19.0,0,0,7.8958,S,0,Third,0.02
879,male,,0,0,7.8958,S,0,Third,0.0
880,female,56.0,0,1,83.1583,C,1,First,0.92
881,female,25.0,0,1,26.0,S,1,Second,0.855
882,male,33.0,0,0,7.8958,S,0,Third,0.006999999999999999
883,female,22.0,0,0,10.5167,S,0,Third,0.335
884,male,28.0,0,0,10.5,S,0,Second,0.0
885,male,25.0,0,0,7.05,S,0,Third,0.0
886,female,39.0,0,5,29.125,Q,0,Third,0.16
887,male,27.0,0,0,13.0,S,0,Second,0.075
888,female,19.0,0,0,30.0,S,1,First,0.96
889,female,,1,2,23.45,S,0,Third,0.205
890,male,26.0,0,0,30.0,C,1,First,0.885
891,male,32.0,0,0,7.75,Q,0,Third,0.23973809523809525
